publish_date,content_title,content_type,primary_keyword,intent,word_count_target,status
2026-09-09,FAQ Hub: Buying Steroids in the UK,FAQ,steroids uk legal,Informational,2000,Published
2026-09-16,Beginner's Guide to UK Steroid Cycles,Pillar,best steroids for beginners uk,Informational,3000,Planned
2026-09-20,Testosterone Base vs Suspension Explained,Pillar,testosterone base,Informational,2200,Planned
2026-09-23,Glossary: Anabolic Compounds A–Z,Glossary,what is anabolic steroid,Informational,2500,Published
2026-09-27,Anavar UK Catalogue Guide,Guide,buy anavar uk,Commercial,1600,Planned
2026-09-30,Oral vs Injectable Steroids: UK Comparison,Comparison,oral vs injectable steroids,Informational,1800,Published
2026-10-03,UK SARMs Catalogue Hub Notes,Guide,uk sarms,Commercial,1400,Planned
2026-10-05,Anadrol vs Anavar Comparison,Comparison,anadrol vs anavar,Commercial,1600,Planned
2026-10-07,SARMs vs Anabolic Steroids: What's the Difference?,Comparison,sarms vs steroids,Informational,1800,Published
2026-10-10,BPC 157 UK Research Peptide Overview,Guide,bpc 157 uk,Informational,1500,Planned
2026-10-14,How Lab Testing Works at Steroids UK,Trust,lab tested steroids uk,Commercial,1200,Planned
2026-10-17,Clomid Tablets & Enclomiphene UK Context,Guide,buy clomid uk,Informational,1600,Planned
2026-10-19,Best PCT Cycle Context (Educational),Guide,best pct cycle to keep gains,Informational,1400,Planned
2026-10-21,PCT Explained: Post-Cycle Therapy Guide,Pillar,pct uk,Informational,2500,Published
2026-10-24,NPP and Test Cycle Notes (Educational),Guide,npp test cycle,Informational,1400,Planned
2026-10-28,Crypto Checkout Guide for UK Buyers,Guide,crypto steroids payment,Navigational,1000,Planned
2026-11-04,UK Delivery Times and Tracking Explained,Guide,steroids uk delivery,Transactional,1200,Planned
2026-11-11,Top 10 Bestsellers: What UK Buyers Choose,Commercial,buy steroids uk,Commercial,1500,Planned
2026-11-18,Testosterone Esters Explained (Enanthate vs Cypionate),Informational,testosterone cypionate,Informational,2000,Planned
2026-11-25,Winter Bulking Stack Ideas (Educational),Informational,bulking cycle uk,Informational,1800,Planned
