Keyword,Intents,Volume,Keyword Difficulty,CPC,Competition Density,uk-steroids.co.uk,steroids-uk.com,uk-steroids.co.uk (pages),steroids-uk.com (pages),Results
anavar for sale,Transactional,4400,22,1.65,0.03,0,66,,https://steroids-uk.com/product-category/anavar/,350000
pharmaqo,Informational,2900,20,1.72,0.03,0,51,,https://steroids-uk.com/product-category/manufacturers/pharmaqo-labs/,117000
buy clenbuterol,Transactional,1300,18,5.29,0.01,0,25,,https://steroids-uk.com/product-category/clenbuterol/,78
dianabol for sale,Informational,1300,10,1.82,0.11,0,71,,https://steroids-uk.com/product-category/dianabol/,350000
pharmaqo labs,Informational,1300,10,1.98,0.02,0,32,,https://steroids-uk.com/product-category/manufacturers/pharmaqo-labs/,133000
anadrol vs anavar,Commercial,1000,24,0.00,0.00,0,44,,https://steroids-uk.com/blog/anvarol-vs-anavar/,356000
clenbuterol for sale,Transactional,590,13,0.00,0.01,0,31,,https://steroids-uk.com/product-category/clenbuterol/,78
dianabol before and after,Informational,590,22,0.00,0.01,0,63,,https://steroids-uk.com/blog/how-soon-do-you-see-results-from-dbol/,358000
side effects of salbutamol,Informational,590,28,3.98,0.05,0,78,,https://steroids-uk.com/blog/salbutamol-side-effects/,95
steroid outlet,Navigational,590,25,0.00,0.04,0,42,,https://steroids-uk.com/,1560000
buy sustanon online,"Informational, Transactional",480,28,0.00,0.01,0,70,,https://steroids-uk.com/product-category/sustanon/,513000
dbol before and after,Informational,480,22,0.00,0.00,0,62,,https://steroids-uk.com/blog/how-soon-do-you-see-results-from-dbol/,298000
equipoise for sale,Informational,480,18,0.62,1.00,0,63,,https://steroids-uk.com/product-category/boldenone/,232000
order anavar,Informational,480,5,1.65,0.03,0,96,,https://steroids-uk.com/product-category/anavar/,500000
primobolan for sale,Transactional,480,0,0.00,0.00,0,82,,https://steroids-uk.com/product-category/primobol/,340000000
anabolic drugs for osteoporosis,Informational,390,21,3.56,0.15,0,66,,https://steroids-uk.com/blog/the-role-of-anabolic-steroids-in-combating-osteoporosis-and-promoting-bone-health/,132
anavar where to buy,Informational,390,23,0.00,0.33,0,89,,https://steroids-uk.com/shop/anavar-10-pharmaqo-labs/,827000
best pct cycle to keep gains,Commercial,390,4,1.17,1.00,0,55,,https://steroids-uk.com/blog/post-cycle-therapy-pct-what-you-need-to-know/,190
dianabol before after,Informational,390,20,0.00,0.01,0,83,,https://steroids-uk.com/blog/dianabol-results-how-can-it-boost-your-gains/,166000
buy dbol,Transactional,320,8,0.00,0.00,0,52,,https://steroids-uk.com/product-category/dianabol/,234000
deca durabolin for sale,"Informational, Transactional",320,7,0.00,0.00,0,57,,https://steroids-uk.com/product-category/deca/,232000
buy boldenone online,Informational,260,0,0.00,0.33,0,46,,https://steroids-uk.com/product-category/boldenone/,244000
buy dianabol,Transactional,260,11,0.00,0.33,0,68,,https://steroids-uk.com/product-category/dianabol/,456000
dianabol buy,Transactional,260,8,0.00,0.01,0,98,,https://steroids-uk.com/product-category/dianabol/,339000
dianabol purchase,Informational,260,9,2.47,0.05,0,75,,https://steroids-uk.com/product-category/dianabol/,162000
ett 500,Informational,260,0,0.00,0.01,0,16,,https://steroids-uk.com/shop/ett-500-pharmaqo-labs/,123000000
sarmsstore.co.uk download app,"Informational, Navigational",260,1,0.00,0.00,0,95,,https://steroids-uk.com/product-category/sarms/,1850000
tri test,Informational,260,18,0.00,0.01,0,16,,https://steroids-uk.com/shop/tri-test-400-spharmaqo-labs/,104
boldenone for sale,Informational,210,8,0.00,0.33,0,87,,https://steroids-uk.com/product-category/boldenone/,196000
buy anavar 10,Transactional,210,15,0.00,0.00,0,41,,https://steroids-uk.com/shop/anavar-10-pharmaqo-labs/,994000
buy anavar 50,Transactional,210,20,0.00,0.00,0,68,,https://steroids-uk.com/shop/anavar-50-pharmaqo-labs/,942000
clenbuterol 40 mcg 100 tablets price,Transactional,210,28,0.00,0.00,0,24,,https://steroids-uk.com/product-category/clenbuterol/,62
dianabol for sale usa,Informational,210,3,0.00,0.01,0,70,,https://steroids-uk.com/product-category/dianabol/,169000
test 300,Informational,210,8,2.28,0.69,0,19,,https://steroids-uk.com/shop/testosterone-enanthate-proper-labs/,174
anavar to buy,Informational,170,26,0.00,0.33,0,96,,https://steroids-uk.com/product-category/anavar/,662000
buy anadrol,"Informational, Transactional",170,10,0.00,0.00,0,56,,https://steroids-uk.com/shop/anadrol50-proper-labs/,276000
buy dianabol online,Informational,170,2,0.00,0.00,0,45,,https://steroids-uk.com/product-category/dianabol/,440000
buy dianabol online usa,Informational,170,10,0.00,0.00,0,78,,https://steroids-uk.com/product-category/dianabol/,154000
deca steroid price,Transactional,170,11,1.11,0.22,0,70,,https://steroids-uk.com/product-category/deca/,359000
dihydroboldenone cypionate,Informational,170,10,0.00,0.02,0,74,,https://steroids-uk.com/shop/dhb-1-testosterone-cypionate-test-cyp-dhb-pharmaqo-labs/,49500
mail.hellosign.com legit,Informational,170,29,0.00,0.33,0,50,,https://steroids-uk.com/,106
nolvadex bodybuilding,Informational,170,24,0.00,0.02,0,40,,https://steroids-uk.com/product-category/nolvadex/,100
npp test cycle,Informational,170,24,0.00,0.33,0,30,,https://steroids-uk.com/blog/what-is-npp-steroid-profile-side-effects-and-usage-guide/,122
anavar kopen,Commercial,140,18,0.00,0.33,0,53,,https://steroids-uk.com/shop/anavar-10-pharmaqo-labs/,80
anavar order,Informational,140,27,1.93,0.01,0,93,,https://steroids-uk.com/product-category/anavar/,488000
anavar steroid for sale,Transactional,140,5,0.00,0.03,0,73,,https://steroids-uk.com/product-category/anavar/,209000
before and after dianabol,Informational,140,21,0.00,0.01,0,63,,https://steroids-uk.com/blog/how-soon-do-you-see-results-from-dbol/,398000
buy clenbuterol online,Transactional,140,15,0.00,0.00,0,52,,https://steroids-uk.com/product-category/clenbuterol/,608000
buy oxandrolone online,Informational,140,10,2.09,0.18,0,90,,https://steroids-uk.com/product-category/anavar/,321000
buy primobolan,Informational,140,22,0.00,0.00,0,83,,https://steroids-uk.com/product-category/primobol/,108000000
clenbuterol buy,Transactional,140,21,0.00,0.00,0,32,,https://steroids-uk.com/product-category/clenbuterol/,79
equipoise online,"Commercial, Informational",140,10,0.00,0.33,0,65,,https://steroids-uk.com/product-category/boldenone/,826000
legal to buy hcg online,Informational,140,19,3.15,0.65,0,63,,https://steroids-uk.com/product-category/hcg/,163
mastereon,Informational,140,23,0.00,0.33,0,47,,https://steroids-uk.com/blog/what-does-masteron-do-side-effects-dosage-and-usage-guide/,44700
npp and test cycle,Informational,140,16,0.00,0.33,0,31,,https://steroids-uk.com/blog/what-is-npp-steroid-profile-side-effects-and-usage-guide/,127
npp cycle,Informational,140,29,0.00,0.33,0,55,,https://steroids-uk.com/blog/what-is-npp-steroid-profile-side-effects-and-usage-guide/,7780000
test npp cycle,Informational,140,1,0.00,0.33,0,23,,https://steroids-uk.com/blog/what-is-npp-steroid-profile-side-effects-and-usage-guide/,123
turinabol for sale,Transactional,140,6,0.00,0.00,0,39,,https://steroids-uk.com/product-category/turinabol/,279000
boldenone undecylenate ganabol for sale ebay,Transactional,110,9,0.00,0.00,0,56,,https://steroids-uk.com/product-category/boldenone/,282
buy deca online,Transactional,110,5,2.41,0.48,0,69,,https://steroids-uk.com/product-category/deca/,8740000
buy test enanthate online,Transactional,110,25,2.62,0.81,0,22,,https://steroids-uk.com/product-category/testosterone-enan/,67
buying clen,Informational,110,27,5.29,0.01,0,28,,https://steroids-uk.com/product-category/clenbuterol/,75
how much does anavar cost,"Informational, Transactional",110,21,0.00,0.33,0,73,,https://steroids-uk.com/product-category/anavar/,198000
nandrolone for sale,Transactional,110,26,0.00,0.06,0,88,,https://steroids-uk.com/product-category/deca/,308000
primobolan buy,Transactional,110,15,0.00,0.00,0,78,,https://steroids-uk.com/product-category/primobol/,109000000
proviron for sale,Transactional,110,8,0.00,0.00,0,13,,https://steroids-uk.com/product-category/proviron/,76
qomatropin,Informational,110,3,2.47,0.26,0,23,,https://steroids-uk.com/shop/qomatropin-100iu/,67
qomatropin hgh,Informational,110,1,2.29,0.38,0,25,,https://steroids-uk.com/shop/qomatropin-100iu/,73
test no ester,Informational,110,5,0.00,0.33,0,48,,https://steroids-uk.com/blog/test-400/,117
what does npp best stand for,"Commercial, Informational",110,6,0.00,0.33,0,94,,https://steroids-uk.com/blog/what-is-npp-steroid-profile-side-effects-and-usage-guide/,195
where to buy clenbuterol,Informational,110,16,0.00,0.00,0,32,,https://steroids-uk.com/product-category/clenbuterol/,74
400 test,Informational,90,5,2.88,0.37,0,23,,https://steroids-uk.com/shop/tri-test-400-spharmaqo-labs/,160
400mg test a week,Informational,90,12,1.68,0.03,0,39,,https://steroids-uk.com/blog/test-400/,126
anabolic for osteoporosis,Informational,90,18,2.96,0.41,0,70,,https://steroids-uk.com/blog/the-role-of-anabolic-steroids-in-combating-osteoporosis-and-promoting-bone-health/,132
beltropin,Informational,90,7,0.00,0.08,0,19,,https://steroids-uk.com/shop/beltropin-hgh-10x10iu-beligas-pharmaceuticals/,67
buy clen online,Transactional,90,11,0.00,0.10,0,72,,https://steroids-uk.com/product-category/clenbuterol/,2700000
buy masteron,Informational,90,2,0.00,0.00,0,72,,https://steroids-uk.com/product-category/masteron/,346000
buy mesterolone,"Informational, Transactional",90,13,0.00,0.11,0,20,,https://steroids-uk.com/product-category/proviron/,84
deca cycle before and after,Informational,90,13,0.00,0.33,0,56,,https://steroids-uk.com/blog/deca-durabolin-transformation-unveiling-impressive-1-month-results/,2410000
deca steroids before and after,Informational,90,20,0.00,0.33,0,18,,https://steroids-uk.com/blog/deca-durabolin-transformation-unveiling-impressive-1-month-results/,649000
dianabol online buy,Transactional,90,9,1.68,0.08,0,90,,https://steroids-uk.com/product-category/dianabol/,328000
does clomid make you gain weight,Informational,90,29,0.00,0.33,0,75,,https://steroids-uk.com/blog/how-does-clomid-work-side-effects-usage-guide-and-more/,136
mast prop,Informational,90,25,0.00,0.33,0,60,,https://steroids-uk.com/shop/masteron-propionate-proper-labs/,120
nexus anavar,Informational,90,15,0.00,0.33,0,69,,https://steroids-uk.com/,2960
pharmaqo anavar,Informational,90,1,0.00,0.33,0,44,,https://steroids-uk.com/shop/anavar-10-pharmaqo-labs/,74100
steroids test 400,Informational,90,3,0.00,0.14,0,22,,https://steroids-uk.com/shop/tri-test-400-spharmaqo-labs/,116
superdroll,Informational,90,29,0.00,0.33,0,81,,https://steroids-uk.com/product-category/methyldrostanolone/,169000
sustanon 250 for sale,"Informational, Transactional",90,27,1.89,0.28,0,67,,https://steroids-uk.com/product-category/sustanon/,95700
symptoms of clomid,Informational,90,29,0.00,0.33,0,77,,https://steroids-uk.com/blog/how-does-clomid-work-side-effects-usage-guide-and-more/,105
test 400 steroid,Informational,90,18,0.00,0.05,0,13,,https://steroids-uk.com/shop/tri-test-400-spharmaqo-labs/,117
test blend 400,Informational,90,5,3.00,0.20,0,26,,https://steroids-uk.com/shop/tri-test-400-spharmaqo-labs/,85
tren deca test cycle,Informational,90,18,0.00,0.33,0,98,,https://steroids-uk.com/,322000
tri test 400,Informational,90,3,0.00,0.33,0,10,,https://steroids-uk.com/shop/tri-test-400-spharmaqo-labs/,91
what is a npp,Informational,90,12,0.00,0.33,0,56,,https://steroids-uk.com/blog/what-is-npp-steroid-profile-side-effects-and-usage-guide/,121
where to buy dianabol,Transactional,90,10,0.00,0.00,0,60,,https://steroids-uk.com/product-category/dianabol/,353000
400mg of test a week,Informational,70,3,1.68,0.03,0,37,,https://steroids-uk.com/blog/test-400/,127
400mg test,Informational,70,10,3.27,0.96,0,30,,https://steroids-uk.com/shop/tri-test-400-spharmaqo-labs/,122
anavar and winstrol,Commercial,70,13,0.00,0.33,0,53,,https://steroids-uk.com/blog/bulking-or-cutting-winstrol-vs-anavar-the-ultimate-steroid-comparison/,629000
anavar steroids for sale,Informational,70,11,0.00,0.03,0,54,,https://steroids-uk.com/shop/anavar-10-pharmaqo-labs/,206000
arimidex sale,Transactional,70,13,3.62,0.37,0,42,,https://steroids-uk.com/shop/armidex-proper-labs/,93
before and after deca cycle,Informational,70,13,0.00,0.33,0,40,,https://steroids-uk.com/blog/deca-durabolin-cycle-guide/,4610000
best sarm for strength,Commercial,70,25,2.28,1.00,0,47,,https://steroids-uk.com/blog/what-is-the-best-sarm-to-gain-muscle/,119
buy deca durabolin,Transactional,70,12,0.00,0.00,0,88,,https://steroids-uk.com/product-category/deca/,422000
buy equipoise,Informational,70,10,1.04,0.99,0,57,,https://steroids-uk.com/product-category/boldenone/,359000
buy mesterolone online,Transactional,70,4,0.00,0.33,0,13,,https://steroids-uk.com/product-category/proviron/,61
buy nolvadex online,Transactional,70,3,3.75,0.27,0,23,,https://steroids-uk.com/product-category/nolvadex/,67
buy oxymetholone,"Informational, Transactional",70,11,0.00,0.33,0,86,,https://steroids-uk.com/,227000
buy primo depot,Informational,70,22,0.00,0.00,0,88,,https://steroids-uk.com/shop/primobolan-pharmaqo-labs/,17500000
buy proviron,Transactional,70,9,0.00,0.00,0,14,,https://steroids-uk.com/product-category/proviron/,85
buy proviron online,Informational,70,12,0.00,0.00,0,14,,https://steroids-uk.com/product-category/proviron/,79
buy test e online,Transactional,70,29,3.08,0.94,0,20,,https://steroids-uk.com/product-category/testosterone-enan/,91
buy turinabol online,Informational,70,9,0.00,0.00,0,57,,https://steroids-uk.com/product-category/turinabol/,199000
buying anavar online,Informational,70,16,2.69,0.01,0,72,,https://steroids-uk.com/product-category/anavar/,411000
caber steroids,Informational,70,16,0.00,0.33,0,34,,https://steroids-uk.com/product-category/cabaser/,97
clenbuterol online,Informational,70,17,0.00,0.00,0,35,,https://steroids-uk.com/product-category/clenbuterol/,76
clenbuterol where to buy,Informational,70,25,0.00,0.00,0,30,,https://steroids-uk.com/product-category/clenbuterol/,89
deca steroid injection price,Transactional,70,18,0.00,0.66,0,91,,https://steroids-uk.com/product-category/deca/,82700
deca vs anavar,Commercial,70,12,0.00,0.33,0,97,,https://steroids-uk.com/,387000
dianabol and anavar cycle,Informational,70,15,0.00,0.33,0,79,,https://steroids-uk.com/,327000
dianabol buy online,Transactional,70,4,0.00,0.08,0,75,,https://steroids-uk.com/product-category/dianabol/,560000
dianabol pills for sale,Informational,70,7,2.46,0.08,0,89,,https://steroids-uk.com/product-category/dianabol/,141000
dianabol tablets price in amazon,"Navigational, Transactional",70,29,0.00,0.33,0,34,,https://steroids-uk.com/product-category/dianabol/,153
dinabol for sale,Informational,70,10,1.70,0.09,0,88,,https://steroids-uk.com/product-category/dianabol/,468000
halotestin for sale,"Informational, Transactional",70,2,0.00,0.00,0,36,,https://steroids-uk.com/shop/halotestin-pharmaqo-labs/,173000
how much anavar to take,Informational,70,26,0.00,0.33,0,72,,https://steroids-uk.com/blog/how-to-take-anavar-tablets-a-beginners-guide/,981000
how to take rad 140,Informational,70,22,0.00,0.21,0,73,,https://steroids-uk.com/blog/testolone-rad-140-bodybuilding-guide/,26400000
is steroids warehouse legit,Informational,70,19,0.00,0.33,0,68,,https://steroids-uk.com/,69100
mesterolone buy,Transactional,70,10,0.00,0.11,0,19,,https://steroids-uk.com/product-category/proviron/,68
mesterolone online,Commercial,70,4,3.87,0.10,0,20,,https://steroids-uk.com/product-category/proviron/,62
mk-677 before and after 1 month,Informational,70,27,0.00,0.00,0,39,,https://steroids-uk.com/blog/unveiling-the-remarkable-transformation-mk-677-before-and-after-real-results-revealed/,69
nolvadex pct where to buy,"Informational, Transactional",70,21,0.00,0.11,0,14,,https://steroids-uk.com/product-category/nolvadex/,85
purchase anavar online,Transactional,70,7,2.69,0.01,0,81,,https://steroids-uk.com/product-category/anavar/,179000
purchase nolvadex,Transactional,70,9,3.96,0.24,0,31,,https://steroids-uk.com/product-category/nolvadex/,79
steriod belly,Informational,70,26,0.00,0.33,0,24,,https://steroids-uk.com/blog/anabolic-steroids-and-their-impact-on-gut-health-and-digestion/,63
sustanon for sale,"Informational, Transactional",70,3,2.36,0.31,0,65,,https://steroids-uk.com/product-category/sustanon/,176000
test 400 cycle,Informational,70,14,0.00,0.33,0,12,,https://steroids-uk.com/blog/test-400/,183
test 400 for sale,Informational,70,16,0.00,0.15,0,10,,https://steroids-uk.com/shop/tri-test-400-spharmaqo-labs/,94
test 400mg,Informational,70,12,3.27,0.96,0,17,,https://steroids-uk.com/shop/tri-test-400-spharmaqo-labs/,103
tren deca cycle,Informational,70,29,0.00,0.10,0,98,,https://steroids-uk.com/,455000
what is superdrol,Informational,70,15,0.00,0.00,0,83,,https://steroids-uk.com/product-category/methyldrostanolone/,180
what is test in bodybuilding,Informational,70,16,0.00,0.01,0,43,,https://steroids-uk.com/blog/testosterone-cypionate-bodybuilding/,123
where can i buy dianabol,Transactional,70,10,0.00,0.00,0,77,,https://steroids-uk.com/product-category/dianabol/,471000
where to get clen,"Informational, Transactional",70,13,0.00,0.01,0,26,,https://steroids-uk.com/product-category/clenbuterol/,75
winstrol for sale online,Informational,70,29,0.00,0.33,0,45,,https://steroids-uk.com/product-category/winstrol/,75800
anadrol 50 for sale,"Informational, Transactional",50,21,0.00,0.00,0,87,,https://steroids-uk.com/shop/anadrol-pharmaqo-labs/,204000
anadrol 50mg for sale,"Informational, Transactional",50,23,0.00,0.00,0,41,,https://steroids-uk.com/shop/anadrol50-proper-labs/,177000
anavar 50mg price,Transactional,50,23,0.00,0.33,0,60,,https://steroids-uk.com/shop/anavar-50-pharmaqo-labs/,237000
anavar prescription online,Informational,50,10,0.00,0.00,0,98,,https://steroids-uk.com/product-category/anavar/,153000
anavar sales,Informational,50,24,0.00,0.10,0,98,,https://steroids-uk.com/product-category/anavar/,57900
anemia and steroids,Informational,50,21,0.00,0.33,0,39,,https://steroids-uk.com/blog/anabolic-steroids-in-the-treatment-of-anemia-and-other-blood-disorders/,95
best place to buy anavar,Commercial,50,17,0.00,0.00,0,59,,https://steroids-uk.com/product-category/anavar/,821000
best place to buy anavar online,Commercial,50,10,0.00,0.00,0,64,,https://steroids-uk.com/product-category/anavar/,639000
best place to buy steroids online,Commercial,50,22,0.00,0.00,0,96,,https://steroids-uk.com/,30900000
best sarms for sale,Commercial,50,14,1.11,0.11,0,99,,https://steroids-uk.com/,415000
buy anavar for sale,Informational,50,21,0.00,0.00,0,50,,https://steroids-uk.com/product-category/anavar/,334000
buy clenbuterol 40 mg,Informational,50,14,0.00,0.00,0,23,,https://steroids-uk.com/product-category/clenbuterol/,148
buy clenbuterol liquid,Informational,50,9,0.00,0.00,0,31,,https://steroids-uk.com/product-category/clenbuterol/,78
buy methyldrostanolone,Informational,50,0,0.00,0.00,0,44,,https://steroids-uk.com/product-category/methyldrostanolone/,31100
buying nolvadex,Transactional,50,10,4.20,0.21,0,33,,https://steroids-uk.com/product-category/nolvadex/,62
buying sustanon 250,"Informational, Transactional",50,26,3.28,0.13,0,93,,https://steroids-uk.com/product-category/sustanon/,249000
clenbuterol for sale uk,Transactional,50,21,0.00,0.00,0,2,,https://steroids-uk.com/product-category/clenbuterol/,47
deca sustanon stack,Informational,50,5,0.00,0.33,0,95,,https://steroids-uk.com/,110000
dianabol for sale uk,Transactional,50,14,0.00,0.33,0,7,,https://steroids-uk.com/shop/dianabol25-proper-labs/,121000
halotestin for cutting,Informational,50,16,0.00,0.00,0,88,,https://steroids-uk.com/,168000
halotestos for sale online in us,Informational,50,0,0.00,0.00,0,25,,https://steroids-uk.com/shop/halotestin-pharmaqo-labs/,116
hcg prescription online,"Commercial, Informational",50,18,0.00,0.00,0,72,,https://steroids-uk.com/product-category/hcg/,92
how long does it take for mk-677 to start working,Informational,50,17,0.00,0.00,0,62,,https://steroids-uk.com/blog/unveiling-the-remarkable-transformation-mk-677-before-and-after-real-results-revealed/,107
masteron enanthate for sale,Informational,50,6,0.00,0.00,0,36,,https://steroids-uk.com/product-category/masteron-enanthate/,192000
masteron to test ratio,Informational,50,5,0.00,0.00,0,32,,https://steroids-uk.com/blog/what-does-masteron-do-side-effects-dosage-and-usage-guide/,120
methyldrostanolone for sale online in us,Transactional,50,0,0.00,0.00,0,18,,https://steroids-uk.com/product-category/methyldrostanolone/,131
nerve regeneration with gbs,Informational,50,18,0.00,0.00,0,70,,https://steroids-uk.com/blog/nerve-to-heal-anabolic-steroids-potential-in-guillain-barre-syndrome/,141
npp for sale,Transactional,50,0,3.01,0.08,0,45,,https://steroids-uk.com/product-category/npp/,2740000
npp steroid for sale,Transactional,50,10,0.00,0.33,0,29,,https://steroids-uk.com/product-category/npp/,45600
npp steroid price,Transactional,50,12,0.00,0.05,0,64,,https://steroids-uk.com/product-category/npp/,43100
oxymetholone for sale,Transactional,50,16,0.00,0.06,0,74,,https://steroids-uk.com/shop/anadrol-pharmaqo-labs/,229000
safest steroid for muscle building reddit,"Informational, Navigational",50,25,0.00,0.33,0,22,,https://steroids-uk.com/blog/what-is-the-safest-steroid-to-use-to-build-muscle/,105
steroid stack for cutting,Informational,50,26,0.00,0.13,0,95,,https://steroids-uk.com/,707000
steroids anemia,Informational,50,19,0.00,0.33,0,43,,https://steroids-uk.com/blog/anabolic-steroids-in-the-treatment-of-anemia-and-other-blood-disorders/,104
steroids bone density,Informational,50,24,0.00,0.02,0,68,,https://steroids-uk.com/blog/anabolic-steroids-and-bone-health-examining-their-impact/,125
steroids outlet reviews,Commercial,50,16,0.00,0.33,0,59,,https://steroids-uk.com/,576000
super lean,Informational,50,6,0.00,0.18,0,53,,https://steroids-uk.com/shop/super-lean-tab-pharmaqo-labs-60tabs-100mg/,171
superdrol half life,Informational,50,8,0.00,0.00,0,58,,https://steroids-uk.com/product-category/methyldrostanolone/,12400
sus and deca stack,Informational,50,0,0.00,0.07,0,94,,https://steroids-uk.com/,34800
test 400 400 mg/ml blend of testosterone esters,Informational,50,12,0.00,0.00,0,14,,https://steroids-uk.com/shop/tri-test-400-spharmaqo-labs/,115
test e 300mg,Informational,50,24,2.98,0.29,0,14,,https://steroids-uk.com/shop/testosterone-enanthate-proper-labs/,106
tri test 400 benefits,Informational,50,23,0.00,0.33,0,9,,https://steroids-uk.com/shop/tri-test-400-spharmaqo-labs/,109
what are side effects of clomid,Informational,50,27,0.00,0.33,0,77,,https://steroids-uk.com/blog/how-does-clomid-work-side-effects-usage-guide-and-more/,138
what is tri test,Informational,50,17,0.00,0.33,0,45,,https://steroids-uk.com/shop/tri-test-400-spharmaqo-labs/,516000000
where to buy primobolan,"Informational, Transactional",50,21,0.00,0.00,0,89,,https://steroids-uk.com/product-category/primobol/,133000000
where to get dianabol,"Informational, Transactional",50,10,2.78,0.11,0,83,,https://steroids-uk.com/product-category/dianabol/,311000
winstrol for sale usa,Informational,50,28,0.00,0.33,0,87,,https://steroids-uk.com/product-category/winstrol/,49500
anavar uk buy,Informational,40,13,0.00,0.33,0,10,,https://steroids-uk.com/product-category/anavar/,288000
beligas hgh,Transactional,40,8,0.00,0.33,0,31,,https://steroids-uk.com/shop/beltropin-hgh-10x10iu-beligas-pharmaceuticals/,82
buy clenbuterol 20mcg,Transactional,40,6,0.00,0.00,0,19,,https://steroids-uk.com/product-category/clenbuterol/,74
buy dbol online,Informational,40,10,0.00,0.00,0,49,,https://steroids-uk.com/product-category/dianabol/,194000
buy deca,"Informational, Transactional",40,5,2.06,0.66,0,72,,https://steroids-uk.com/product-category/deca/,13100000
buy equipose,Informational,40,6,0.00,0.01,0,69,,https://steroids-uk.com/product-category/boldenone/,379000
buy halotestin,Informational,40,0,0.00,0.00,0,45,,https://steroids-uk.com/shop/halotestin-pharmaqo-labs/,189000
buy masteron in us,Informational,40,4,0.00,0.00,0,85,,https://steroids-uk.com/product-category/masteron/,750000
buy oxymetholone online,"Informational, Transactional",40,10,0.00,0.33,0,52,,https://steroids-uk.com/shop/anadrol-pharmaqo-labs/,1010000
buy primobolan online,Informational,40,0,0.00,0.00,0,49,,https://steroids-uk.com/product-category/primobol/,263000
buy proviron pills online in us,Transactional,40,6,0.00,0.00,0,16,,https://steroids-uk.com/product-category/proviron/,137
buy superdrol pills online in us,Informational,40,4,0.00,0.00,0,32,,https://steroids-uk.com/product-category/methyldrostanolone/,144
buy tbol,Informational,40,3,0.00,0.33,0,48,,https://steroids-uk.com/product-category/turinabol/,148000
buy tri tren,Informational,40,29,0.00,0.00,0,38,,https://steroids-uk.com/shop/tri-tren-pharmaqo-labs/,64700000
buying t3 online,Transactional,40,3,3.19,1.00,0,48,,https://steroids-uk.com/product-category/t3/,159000000
cabergoline for sale bodybuilding,Transactional,40,5,0.00,0.33,0,22,,https://steroids-uk.com/product-category/cabaser/,91
clenbuterol buy online,Transactional,40,10,0.00,0.00,0,23,,https://steroids-uk.com/product-category/clenbuterol/,88
clenbuterol for sale usa,Informational,40,19,0.00,0.00,0,91,,https://steroids-uk.com/product-category/clenbuterol/,232000
clomid for men for sale,Transactional,40,29,2.87,0.90,0,40,,https://steroids-uk.com/product-category/clomid/,117
clomid long term side effects,Informational,40,24,0.00,0.33,0,59,,https://steroids-uk.com/blog/how-does-clomid-work-side-effects-usage-guide-and-more/,98
clomid pct for sale,Transactional,40,22,2.15,0.66,0,14,,https://steroids-uk.com/product-category/clomid/,65
deca dianabol cycle,Informational,40,8,0.00,0.02,0,37,,https://steroids-uk.com/blog/deca-durabolin-cycle-guide/,255000
deca steroid before and after,Informational,40,20,0.00,0.33,0,18,,https://steroids-uk.com/blog/deca-durabolin-transformation-unveiling-impressive-1-month-results/,777000
dianabol anavar cycle,Informational,40,22,0.00,0.33,0,98,,https://steroids-uk.com/,251000
dianabol and winstrol cycle,Informational,40,15,0.00,0.33,0,57,,https://steroids-uk.com/blog/how-to-stack-dianabol-what-other-steroids-to-take-with-it/,277000
dianabol online,"Commercial, Informational",40,9,2.46,0.07,0,88,,https://steroids-uk.com/product-category/dianabol/,514000
dianabol pills for sale in usa,Transactional,40,11,0.00,0.08,0,96,,https://steroids-uk.com/product-category/dianabol/,32600
does prednisone make you more sexually active,Informational,40,24,0.00,0.33,0,42,,https://steroids-uk.com/blog/which-steroids-increase-libido-the-most/,65
halotestin for sale online in us,Informational,40,0,0.00,0.00,0,21,,https://steroids-uk.com/shop/halotestin-pharmaqo-labs/,117
hcg viagra online,Informational,40,28,0.00,0.00,0,85,,https://steroids-uk.com/product-category/hcg/,247000
helio clen yohimbine,Informational,40,7,0.00,0.05,0,25,,https://steroids-uk.com/shop/helio-clenbuterol-yohimbine-10ml-40mcg5-5mg-beligas-pharmaceuticals/,78
hgh for sale uk,Transactional,40,23,0.00,0.07,0,3,,https://steroids-uk.com/product-category/growth-hormone/,100
how much rad 140 to take,Informational,40,29,0.00,0.00,0,46,,https://steroids-uk.com/blog/testolone-rad-140-bodybuilding-guide/,111
how often to pin deca,Informational,40,20,0.00,0.33,0,49,,https://steroids-uk.com/blog/deca-durabolin-cycle-guide/,173000
how to cycle rad 140,Informational,40,28,0.00,0.33,0,45,,https://steroids-uk.com/blog/testolone-rad-140-bodybuilding-guide/,128
injectable helios,Informational,40,6,0.00,0.22,0,51,,https://steroids-uk.com/shop/helio-clenbuterol-yohimbine-10ml-40mcg5-5mg-beligas-pharmaceuticals/,85
lgd before and after,Informational,40,22,0.00,0.03,0,38,,https://steroids-uk.com/blog/lgd-4033-ligandrol-in-bodybuilding/,115
liquid clenbuterol sale,Informational,40,7,0.00,0.33,0,31,,https://steroids-uk.com/product-category/clenbuterol/,82
masteron e for sale,Informational,40,0,0.00,0.00,0,40,,https://steroids-uk.com/product-category/masteron-enanthate/,201000
masteron p for sale,Informational,40,4,0.00,0.00,0,40,,https://steroids-uk.com/product-category/masteron/,42000
masteron propionate for sale,Informational,40,9,0.00,0.00,0,46,,https://steroids-uk.com/product-category/masteron/,182000
methyldrostanolone 10mg,Informational,40,13,0.00,0.00,0,47,,https://steroids-uk.com/product-category/methyldrostanolone/,73500
methyldrostanolone buy online with delivery,Informational,40,2,0.00,0.00,0,8,,https://steroids-uk.com/product-category/methyldrostanolone/,135
methyldrostanolone cycle,Informational,40,20,0.00,0.33,0,38,,https://steroids-uk.com/product-category/methyldrostanolone/,44300
methyldrostanolone for sale,Informational,40,0,0.00,0.33,0,52,,https://steroids-uk.com/product-category/methyldrostanolone/,25500
n acetylcysteine bodybuilding,Informational,40,24,0.00,0.40,0,37,,https://steroids-uk.com/blog/nac-supplement-in-bodybuilding-liver-protection/,132
nac bodybuilding,Informational,40,23,0.00,0.33,0,30,,https://steroids-uk.com/blog/nac-supplement-in-bodybuilding-liver-protection/,193
nandrolone vs oxandrolone,Commercial,40,10,0.00,0.33,0,78,,https://steroids-uk.com/,298000
nolvadex pct for sale,Transactional,40,14,0.00,0.27,0,13,,https://steroids-uk.com/product-category/nolvadex/,80
npp before and after pics,Informational,40,19,0.00,0.33,0,36,,https://steroids-uk.com/blog/what-is-npp-steroid-profile-side-effects-and-usage-guide/,101
order dianabol online,Informational,40,8,1.68,0.08,0,49,,https://steroids-uk.com/product-category/dianabol/,299000
oxymetholone 50mg for sale,"Informational, Transactional",40,19,0.00,0.33,0,87,,https://steroids-uk.com/shop/anadrol-pharmaqo-labs/,128000
pharmaqo steroids,Informational,40,0,0.00,0.02,0,42,,https://steroids-uk.com/product-category/manufacturers/pharmaqo-labs/,122000
price of clenbuterol pills,Transactional,40,28,0.00,0.00,0,32,,https://steroids-uk.com/product-category/clenbuterol/,146
primobolan depot for sale,Transactional,40,0,0.00,0.00,0,34,,https://steroids-uk.com/shop/primobolan-pharmaqo-labs/,41500
proviron buy,Informational,40,17,0.00,0.00,0,10,,https://steroids-uk.com/product-category/proviron/,79
qomatropin cartridge,Informational,40,0,0.00,0.33,0,25,,https://steroids-uk.com/shop/qomatropin-12mg-36iu-cartridge-pharmaqo-labs/,83
real anavar for sale,Informational,40,13,0.00,0.33,0,66,,https://steroids-uk.com/product-category/anavar/,371000
steroid world,Informational,40,16,0.00,0.03,0,52,,https://steroids-uk.com/,100
superdrol pills,Informational,40,10,0.00,0.00,0,96,,https://steroids-uk.com/shop/superdrol-10mg-100-tabs-pharmaqo-labs/,54800
t3 buy online,Informational,40,1,3.19,1.00,0,23,,https://steroids-uk.com/product-category/t3/,95
test primo mast cycle,Informational,40,13,0.00,0.33,0,59,,https://steroids-uk.com/shop/androbolan400-pharmaqo-labs/,130
tren hex buy,Informational,40,13,0.00,0.00,0,46,,https://steroids-uk.com/shop/trenbolone-hexy-pharmaqo/,691000
tri test 400 cycle,Informational,40,0,0.00,0.00,0,14,,https://steroids-uk.com/blog/test-400/,196
tri test 400 for sale,Informational,40,0,0.00,0.00,0,3,,https://steroids-uk.com/shop/tri-test-400-spharmaqo-labs/,147
where to buy dbol,Transactional,40,8,0.00,0.00,0,85,,https://steroids-uk.com/product-category/dianabol/,199000
where to buy hcg for men,"Informational, Transactional",40,23,3.42,0.93,0,35,,https://steroids-uk.com/product-category/hcg/,84
тренболон таблетки цена,Informational,40,29,0.00,0.00,0,30,,https://steroids-uk.com/product-category/trenbolone/,144
anastrozole for men for sale,Transactional,30,23,3.54,0.98,0,30,,https://steroids-uk.com/product-category/anastrozole/,135
deca mix for sale,Informational,30,6,5.09,0.43,0,90,,https://steroids-uk.com/product-category/deca/,2080000
helios fat burner,Informational,30,3,3.36,0.99,0,48,,https://steroids-uk.com/shop/helio-clenbuterol-yohimbine-10ml-40mcg5-5mg-beligas-pharmaceuticals/,135
nolvadex for sale online,Transactional,30,6,3.75,0.27,0,24,,https://steroids-uk.com/product-category/nolvadex/,77
pharmaqo lab,Informational,30,19,1.98,0.02,0,26,,https://steroids-uk.com/product-category/manufacturers/pharmaqo-labs/,95
test400,"Commercial, Informational",30,16,2.88,0.37,0,7,,https://steroids-uk.com/shop/tri-test-400-spharmaqo-labs/,100
where can you buy nolvadex,"Informational, Transactional",30,2,2.90,0.15,0,28,,https://steroids-uk.com/product-category/nolvadex/,82
xx pills,Informational,30,21,2.20,0.03,0,58,,https://steroids-uk.com/shop/xxx-tabs-pharmaqo-labs-60-tabs-x-99mg/,91
